true,predicted,count
Corn_(maize)___Cercospora_leaf_spot Gray_leaf_spot,Corn_(maize)___Northern_Leaf_Blight,24
Potato___Early_blight,Potato___Late_blight,12
Tomato___Early_blight,Tomato___Late_blight,12
Tomato___Tomato_mosaic_virus,Tomato___Tomato_Yellow_Leaf_Curl_Virus,12
Tomato___Septoria_leaf_spot,Tomato___Bacterial_spot,12
Tomato___Bacterial_spot,Tomato___Septoria_leaf_spot,11
Cherry_(including_sour)___healthy,Apple___healthy,10
Corn_(maize)___Northern_Leaf_Blight,Corn_(maize)___Cercospora_leaf_spot Gray_leaf_spot,10
Tomato___Bacterial_spot,Tomato___Early_blight,9
Tomato___Septoria_leaf_spot,Tomato___Early_blight,9
