dataset,class,support,f1_lab_only,f1_mixed-field,gain
plantwild,Apple___Apple_scab,58,0.088,0.703,0.615
plantwild,Apple___Black_rot,34,0.108,0.48,0.372
plantwild,Apple___Cedar_apple_rust,61,0.062,0.8,0.738
plantwild,Apple___healthy,88,0.103,0.648,0.545
plantwild,Blueberry___healthy,56,0.158,0.821,0.663
plantwild,Cherry_(including_sour)___Powdery_mildew,22,0.0,0.375,0.375
plantwild,Cherry_(including_sour)___healthy,57,0.034,0.743,0.709
plantwild,Corn_(maize)___Cercospora_leaf_spot Gray_leaf_spot,43,0.349,0.507,0.158
plantwild,Corn_(maize)___Common_rust_,47,0.062,0.796,0.733
plantwild,Corn_(maize)___Northern_Leaf_Blight,44,0.136,0.661,0.525
plantwild,Corn_(maize)___healthy,31,0.378,0.829,0.451
plantwild,Grape___Black_rot,45,0.159,0.837,0.678
plantwild,Grape___healthy,40,0.328,0.775,0.447
plantwild,Orange___Haunglongbing_(Citrus_greening),47,0.0,0.796,0.796
plantwild,Peach___healthy,31,0.0,0.554,0.554
plantwild,"Pepper,_bell___Bacterial_spot",23,0.096,0.435,0.339
plantwild,"Pepper,_bell___healthy",48,0.036,0.757,0.721
plantwild,Potato___Early_blight,45,0.341,0.617,0.276
plantwild,Potato___Late_blight,48,0.338,0.706,0.367
plantwild,Potato___healthy,49,0.0,0.721,0.721
plantwild,Raspberry___healthy,36,0.441,0.865,0.424
plantwild,Soybean___healthy,48,0.0,0.72,0.72
plantwild,Squash___Powdery_mildew,56,0.305,0.822,0.517
plantwild,Strawberry___Leaf_scorch,15,0.058,0.903,0.845
plantwild,Strawberry___healthy,39,0.133,0.88,0.747
plantwild,Tomato___Bacterial_spot,56,0.0,0.484,0.484
plantwild,Tomato___Early_blight,69,0.227,0.485,0.258
plantwild,Tomato___Late_blight,59,0.14,0.637,0.497
plantwild,Tomato___Leaf_Mold,47,0.237,0.747,0.51
plantwild,Tomato___Septoria_leaf_spot,44,0.074,0.429,0.354
plantwild,Tomato___Tomato_Yellow_Leaf_Curl_Virus,34,0.111,0.595,0.483
plantwild,Tomato___Tomato_mosaic_virus,37,0.053,0.393,0.34
plantwild,Tomato___healthy,45,0.033,0.68,0.647
plantdoc,Apple___Apple_scab,10,0.462,0.667,0.205
plantdoc,Apple___Cedar_apple_rust,10,0.0,0.824,0.824
plantdoc,Apple___healthy,9,0.154,0.583,0.429
plantdoc,Blueberry___healthy,11,0.455,0.842,0.388
plantdoc,Cherry_(including_sour)___healthy,10,0.0,0.667,0.667
plantdoc,Corn_(maize)___Cercospora_leaf_spot Gray_leaf_spot,4,0.174,0.333,0.159
plantdoc,Corn_(maize)___Common_rust_,10,0.25,0.952,0.702
plantdoc,Corn_(maize)___Northern_Leaf_Blight,12,0.235,0.526,0.291
plantdoc,Grape___Black_rot,8,0.105,0.875,0.77
plantdoc,Grape___healthy,12,0.348,0.96,0.612
plantdoc,Peach___healthy,9,0.182,0.824,0.642
plantdoc,"Pepper,_bell___Bacterial_spot",9,0.174,0.737,0.563
plantdoc,"Pepper,_bell___healthy",8,0.0,0.737,0.737
plantdoc,Potato___Early_blight,8,0.5,0.471,-0.029
plantdoc,Potato___Late_blight,8,0.0,0.5,0.5
plantdoc,Raspberry___healthy,7,0.8,0.875,0.075
plantdoc,Soybean___healthy,8,0.0,0.875,0.875
plantdoc,Squash___Powdery_mildew,6,0.444,1.0,0.556
plantdoc,Strawberry___healthy,8,0.0,0.941,0.941
plantdoc,Tomato___Bacterial_spot,9,0.0,0.3,0.3
plantdoc,Tomato___Early_blight,9,0.421,0.667,0.246
plantdoc,Tomato___Late_blight,10,0.163,0.727,0.564
plantdoc,Tomato___Leaf_Mold,6,0.2,0.6,0.4
plantdoc,Tomato___Septoria_leaf_spot,11,0.4,0.632,0.232
plantdoc,Tomato___Tomato_Yellow_Leaf_Curl_Virus,6,0.0,0.909,0.909
plantdoc,Tomato___Tomato_mosaic_virus,10,0.0,0.667,0.667
plantdoc,Tomato___healthy,8,0.0,0.706,0.706
