model,key,dataset,variant,classes,n,top1,top3,macro_f1,restricted_top1,restricted_macro_f1,in_domain_top1,lab_to_field_drop_pp,params,size_mb,latency_ms_cpu
EfficientNet-B0 (CropScan),b0,plantwild,all,33,1502,12.72,27.56,0.1275,12.85,0.1287,97.07,84.35,4056226,15.74,111.49
EfficientNet-B0 (CropScan),b0,plantwild,clean,33,1496,12.37,27.27,0.1232,12.5,0.1246,97.07,84.7,4056226,15.74,111.49
EfficientNet-B0 (CropScan),b0,plantwild,exact,29,1329,12.79,28.22,0.1257,13.09,0.1293,97.07,84.28,4056226,15.74,111.49
EfficientNet-B0 (CropScan),b0,plantdoc,all,27,236,14.83,37.29,0.1633,20.34,0.1737,97.07,82.24,4056226,15.74,111.49
EfficientNet-B0 (CropScan),b0,plantdoc,clean,27,236,14.83,37.29,0.1633,20.34,0.1737,97.07,82.24,4056226,15.74,111.49
EfficientNet-B0 (CropScan),b0,plantdoc,exact,23,197,14.72,38.07,0.1621,22.34,0.1924,97.07,82.35,4056226,15.74,111.49
MobileNetV2,mnv2,plantwild,all,33,1502,13.91,28.36,0.1191,14.18,0.1202,95.82,81.91,2272550,8.91,28.48
MobileNetV2,mnv2,plantwild,clean,33,1496,13.64,28.07,0.115,13.9,0.1163,95.82,82.18,2272550,8.91,28.48
MobileNetV2,mnv2,plantwild,exact,29,1329,14.97,28.74,0.134,15.8,0.139,95.82,80.85,2272550,8.91,28.48
MobileNetV2,mnv2,plantdoc,all,27,236,17.8,44.92,0.1363,22.46,0.1583,95.82,78.02,2272550,8.91,28.48
MobileNetV2,mnv2,plantdoc,clean,27,236,17.8,44.92,0.1363,22.46,0.1583,95.82,78.02,2272550,8.91,28.48
MobileNetV2,mnv2,plantdoc,exact,23,197,19.8,45.69,0.1561,24.37,0.1734,95.82,76.02,2272550,8.91,28.48
EfficientNet-B4,b4,plantwild,all,33,1502,18.58,36.28,0.1822,18.97,0.1825,97.21,78.63,18142597,93.49,195.33
EfficientNet-B4,b4,plantwild,clean,33,1496,18.32,36.03,0.1787,18.72,0.1793,97.21,78.89,18142597,93.49,195.33
EfficientNet-B4,b4,plantwild,exact,29,1329,19.19,37.02,0.1941,20.24,0.1997,97.21,78.02,18142597,93.49,195.33
EfficientNet-B4,b4,plantdoc,all,27,236,25.85,46.61,0.2263,27.97,0.2313,97.21,71.36,18142597,93.49,195.33
EfficientNet-B4,b4,plantdoc,clean,27,236,25.85,46.61,0.2263,27.97,0.2313,97.21,71.36,18142597,93.49,195.33
EfficientNet-B4,b4,plantdoc,exact,23,197,27.92,48.22,0.2692,31.47,0.2735,97.21,69.29,18142597,93.49,195.33
Swin-Tiny,swin,plantwild,all,33,1502,21.24,36.48,0.2153,21.84,0.2162,99.86,78.62,27548576,105.34,40.4
Swin-Tiny,swin,plantwild,clean,33,1496,20.99,36.23,0.2127,21.59,0.2138,99.86,78.87,27548576,105.34,40.4
Swin-Tiny,swin,plantwild,exact,29,1329,21.52,37.02,0.2245,22.8,0.2279,99.86,78.34,27548576,105.34,40.4
Swin-Tiny,swin,plantdoc,all,27,236,32.63,58.05,0.2886,35.59,0.2914,99.86,67.23,27548576,105.34,40.4
Swin-Tiny,swin,plantdoc,clean,27,236,32.63,58.05,0.2886,35.59,0.2914,99.86,67.23,27548576,105.34,40.4
Swin-Tiny,swin,plantdoc,exact,23,197,35.03,60.41,0.3136,39.59,0.325,99.86,64.83,27548576,105.34,40.4
