true\pred,Apple___Apple_scab,Apple___Black_rot,Apple___Cedar_apple_rust,Apple___healthy,Blueberry___healthy,Cherry_(including_sour)___Powdery_mildew,Cherry_(including_sour)___healthy,Corn_(maize)___Cercospora_leaf_spot Gray_leaf_spot,Corn_(maize)___Common_rust_,Corn_(maize)___Northern_Leaf_Blight,Corn_(maize)___healthy,Grape___Black_rot,Grape___Esca_(Black_Measles),Grape___Leaf_blight_(Isariopsis_Leaf_Spot),Grape___healthy,Orange___Haunglongbing_(Citrus_greening),Peach___Bacterial_spot,Peach___healthy,"Pepper,_bell___Bacterial_spot","Pepper,_bell___healthy",Potato___Early_blight,Potato___Late_blight,Potato___healthy,Raspberry___healthy,Soybean___healthy,Squash___Powdery_mildew,Strawberry___Leaf_scorch,Strawberry___healthy,Tomato___Bacterial_spot,Tomato___Early_blight,Tomato___Late_blight,Tomato___Leaf_Mold,Tomato___Septoria_leaf_spot,Tomato___Spider_mites Two-spotted_spider_mite,Tomato___Target_Spot,Tomato___Tomato_Yellow_Leaf_Curl_Virus,Tomato___Tomato_mosaic_virus,Tomato___healthy
Apple___Apple_scab,6,0,0,1,0,0,0,0,0,1,0,1,5,0,0,1,2,0,4,0,0,0,0,0,0,1,30,0,0,2,1,0,3,0,0,0,0,0
Apple___Black_rot,0,5,0,0,0,0,0,0,1,0,0,0,1,1,0,1,1,0,0,2,0,0,0,0,0,1,16,2,1,1,1,0,0,0,0,0,0,0
Apple___Cedar_apple_rust,2,1,5,0,0,0,0,0,0,0,1,0,0,1,0,0,0,0,2,0,2,0,0,0,0,6,36,0,0,0,4,0,0,0,0,1,0,0
Apple___healthy,1,0,0,5,2,0,4,0,0,0,0,3,6,0,4,4,0,0,1,3,0,0,0,1,2,3,27,2,1,2,6,0,9,0,0,2,0,0
Blueberry___healthy,0,0,0,0,10,0,2,0,0,0,2,3,3,0,1,0,0,0,1,0,0,0,0,0,4,1,17,2,0,2,5,0,3,0,0,0,0,0
Cherry_(including_sour)___Powdery_mildew,1,0,0,1,0,0,0,0,0,0,0,0,4,0,1,0,1,0,1,0,0,0,0,0,0,3,5,0,0,0,5,0,0,0,0,0,0,0
Cherry_(including_sour)___healthy,0,0,0,3,2,0,2,0,0,0,1,1,12,0,2,0,1,0,1,1,0,0,0,1,11,1,8,5,0,0,4,0,1,0,0,0,0,0
Corn_(maize)___Cercospora_leaf_spot Gray_leaf_spot,0,0,0,0,0,0,0,20,1,13,3,0,0,0,0,0,0,0,0,0,0,0,0,0,0,0,4,0,2,0,0,0,0,0,0,0,0,0
Corn_(maize)___Common_rust_,0,0,0,0,0,0,0,8,14,15,5,0,0,0,0,0,0,0,1,0,0,0,0,0,0,0,4,0,0,0,0,0,0,0,0,0,0,0
Corn_(maize)___Northern_Leaf_Blight,0,0,0,0,0,0,0,7,1,22,3,0,1,0,0,0,0,0,0,0,0,0,0,0,0,1,6,0,1,2,0,0,0,0,0,0,0,0
Corn_(maize)___healthy,0,0,0,0,0,0,0,1,3,1,21,0,0,0,0,0,0,0,0,3,0,0,0,0,0,1,0,1,0,0,0,0,0,0,0,0,0,0
Grape___Black_rot,0,1,0,0,0,0,0,0,0,0,0,7,3,2,2,0,0,0,1,0,2,0,0,0,0,1,18,0,0,4,3,0,1,0,0,0,0,0
Grape___healthy,0,0,0,0,0,0,1,0,0,0,0,2,5,1,14,0,0,0,1,0,0,0,0,4,0,2,2,0,0,0,5,0,2,0,0,0,0,1
Orange___Haunglongbing_(Citrus_greening),0,0,0,0,0,0,0,0,1,0,1,0,2,0,0,2,0,0,7,3,1,0,0,0,2,2,12,3,1,0,3,1,3,0,0,3,0,0
Peach___healthy,0,0,0,0,1,0,0,0,1,0,2,0,3,0,1,1,0,1,1,3,0,0,0,1,2,4,5,1,0,0,2,0,2,0,0,0,0,0
"Pepper,_bell___Bacterial_spot",1,0,0,0,0,0,0,0,0,0,0,1,1,0,0,0,0,0,9,1,0,0,0,0,0,0,3,0,1,0,4,0,0,0,0,2,0,0
"Pepper,_bell___healthy",0,0,0,0,1,0,0,0,0,0,0,0,6,0,0,1,0,0,2,13,0,0,0,1,1,0,5,2,2,1,7,0,2,0,0,4,0,0
Potato___Early_blight,0,1,0,0,0,0,0,0,0,0,0,1,1,1,0,0,0,0,1,0,11,4,0,0,0,0,8,0,0,7,2,0,8,0,0,0,0,0
Potato___Late_blight,0,0,0,0,0,0,1,0,0,0,0,0,0,1,0,1,1,0,0,0,2,15,0,0,0,2,14,2,0,3,4,0,2,0,0,0,0,0
Potato___healthy,0,0,0,0,0,0,0,0,0,2,0,1,4,1,5,0,0,0,1,3,0,0,0,1,0,2,5,3,1,0,12,0,8,0,0,0,0,0
Raspberry___healthy,0,0,0,1,0,0,0,0,1,0,0,0,1,0,0,0,0,0,0,1,0,0,0,15,0,0,11,3,0,0,0,0,2,0,0,1,0,0
Soybean___healthy,0,0,0,0,2,0,2,1,0,0,0,1,2,0,0,0,0,0,1,2,0,0,0,0,2,8,8,7,0,0,5,0,6,0,0,1,0,0
Squash___Powdery_mildew,0,0,0,0,0,0,0,0,0,0,0,0,2,1,6,0,0,0,0,0,0,0,0,0,0,33,8,2,0,1,3,0,0,0,0,0,0,0
Strawberry___Leaf_scorch,0,0,0,0,0,0,0,0,0,0,0,0,0,0,0,0,0,0,0,0,0,0,0,0,0,0,15,0,0,0,0,0,0,0,0,0,0,0
Strawberry___healthy,0,0,0,0,0,0,0,0,0,0,0,1,2,0,3,0,0,0,0,0,0,0,0,9,0,0,16,8,0,0,0,0,0,0,0,0,0,0
Tomato___Bacterial_spot,0,0,0,0,0,0,0,0,0,1,0,1,0,0,0,3,0,0,5,0,0,1,0,0,0,0,12,0,1,6,6,0,18,0,0,2,0,0
Tomato___Early_blight,0,0,0,0,0,0,1,0,0,1,0,5,2,0,0,0,0,0,4,0,1,0,0,0,0,2,15,1,0,15,11,0,11,0,0,0,0,0
Tomato___Late_blight,0,0,0,0,0,0,1,0,0,0,0,1,3,0,0,0,0,0,3,1,0,0,0,0,0,0,12,3,0,7,22,0,3,0,0,3,0,0
Tomato___Leaf_Mold,0,0,0,0,0,0,0,0,0,1,0,0,0,0,0,0,0,0,0,0,1,0,0,0,0,0,13,0,1,0,25,5,1,0,0,0,0,0
Tomato___Septoria_leaf_spot,0,1,0,0,0,0,0,0,1,0,0,2,1,0,0,0,1,0,4,0,0,0,0,0,0,1,10,0,1,2,2,0,17,0,1,0,0,0
Tomato___Tomato_Yellow_Leaf_Curl_Virus,0,0,0,0,0,0,0,0,0,0,0,2,5,0,0,0,0,0,0,1,0,0,0,0,0,1,9,0,1,2,3,0,6,0,0,3,0,1
Tomato___Tomato_mosaic_virus,0,0,0,1,0,0,1,0,0,0,0,2,7,0,0,0,0,0,0,0,0,0,0,0,0,4,6,0,0,0,9,0,4,0,0,2,1,0
Tomato___healthy,0,0,0,0,0,0,1,0,1,0,1,1,5,0,0,0,0,0,0,4,0,0,0,0,0,1,4,2,0,5,8,0,9,0,0,2,1,0
